Class,Confidence,X,Y,Width,Height
cup,0.969409,174,267,31,40
bottle,0.928067,149,34,33,70
bottle,0.775592,176,154,29,56
bottle,0.754805,203,156,22,51
bottle,0.725004,352,154,40,109
teddy bear,0.695578,472,76,85,97
bowl,0.676720,212,292,42,33
bottle,0.602451,123,34,39,74
chair,0.552979,-3,261,151,147
bottle,0.543496,226,160,21,52
