Class,Confidence,X,Y,Width,Height
bottle,0.966262,330,-1,34,113
bottle,0.965202,266,14,47,135
book,0.880435,411,252,124,64
bottle,0.784961,367,0,31,117
book,0.726390,324,190,62,137
book,0.585340,304,207,46,120
