Class,Confidence,X,Y,Width,Height
bottle,0.975020,56,156,70,98
knife,0.974880,234,360,58,92
cup,0.958840,192,275,81,47
cup,0.943338,311,246,54,69
bottle,0.869546,301,8,50,147
cup,0.581817,131,175,49,53
spoon,0.574316,380,233,74,16
