Class,Confidence,X,Y,Width,Height
keyboard,0.997949,147,156,136,59
mouse,0.996970,236,228,42,28
keyboard,0.990181,462,264,176,96
book,0.965534,313,205,149,111
tvmonitor,0.956561,166,19,126,137
tvmonitor,0.930411,469,-3,171,276
mouse,0.815282,307,208,38,27
book,0.785083,383,169,96,63
chair,0.520709,0,211,208,258
