Class,Confidence,X,Y,Width,Height
bottle,0.991148,342,34,27,104
bottle,0.990311,318,37,27,96
book,0.934545,349,267,87,52
bottle,0.920227,222,55,38,105
bottle,0.790026,412,160,23,64
bottle,0.775506,176,49,32,97
book,0.692979,253,199,59,92
book,0.654873,243,200,34,96
book,0.514031,229,209,28,93
