Class,Confidence,X,Y,Width,Height
keyboard,0.986321,505,143,119,38
keyboard,0.970156,192,162,147,40
tvmonitor,0.938241,156,31,152,126
mouse,0.914936,364,187,25,23
book,0.887403,427,147,91,43
tvmonitor,0.867441,436,-1,180,137
teddy bear,0.727997,77,185,290,265
bottle,0.645256,594,84,30,60
