Class,Confidence,X,Y,Width,Height
cup,0.978837,182,257,49,61
bottle,0.970952,190,51,59,122
knife,0.686071,118,357,30,74
cup,0.611543,85,287,50,41
