Class,Confidence,X,Y,Width,Height
cup,0.959012,172,211,34,42
bottle,0.931839,299,72,35,101
person,0.599536,515,0,55,43
cup,0.592651,139,206,35,31
bottle,0.572120,102,130,29,52
spoon,0.511327,95,247,42,42
