Class,Confidence,X,Y,Width,Height
scissors,0.986961,341,317,57,61
bottle,0.874087,179,0,77,142
bottle,0.841351,405,173,26,76
book,0.829093,156,365,148,114
bottle,0.753484,374,173,32,97
bottle,0.738448,318,156,41,128
cup,0.713853,512,181,30,40
book,0.575512,44,252,77,161
bottle,0.512976,357,169,23,83
