Class,Confidence,X,Y,Width,Height
mouse,0.997674,204,214,41,29
keyboard,0.996554,80,146,156,55
keyboard,0.987407,451,230,189,80
tvmonitor,0.934023,431,-1,209,219
book,0.928793,295,182,142,106
tvmonitor,0.851107,80,3,160,129
cell phone,0.581624,278,188,33,38
