Class,Confidence,X,Y,Width,Height
chair,0.975339,60,16,96,109
bowl,0.897614,327,372,117,105
mouse,0.691093,464,86,33,14
bottle,0.664471,185,171,48,81
chair,0.662926,29,0,68,39
tvmonitor,0.606069,333,3,56,148
bowl,0.536005,30,212,50,35
