Class,Confidence,X,Y,Width,Height
keyboard,0.939368,367,109,51,51
bowl,0.907529,321,356,109,111
chair,0.872639,2,36,93,110
mouse,0.816080,412,95,29,14
tvmonitor,0.746171,302,0,52,161
bottle,0.718847,181,167,47,86
chair,0.589135,453,5,76,119
teddy bear,0.542085,520,38,120,194
bottle,0.520179,347,7,16,46
