Class,Confidence,X,Y,Width,Height
chair,0.994488,74,268,212,215
bottle,0.959047,202,35,27,71
chair,0.944166,401,220,165,193
bottle,0.906478,298,29,15,75
bottle,0.900678,175,30,27,73
book,0.897603,275,206,61,39
bottle,0.859623,376,132,21,53
cup,0.790246,543,190,22,25
bottle,0.743919,350,121,20,67
bottle,0.693538,397,139,16,41
book,0.655426,199,144,24,73
book,0.609850,208,142,38,74
bottle,0.529348,308,27,20,76
book,0.504230,234,142,18,72
