Class,Confidence,X,Y,Width,Height
bottle,0.899552,276,12,46,100
bottle,0.808870,300,21,54,123
bottle,0.708675,534,254,55,81
bottle,0.667095,454,49,57,119
bottle,0.630533,491,215,66,108
book,0.558406,328,328,126,102
