Class,Confidence,X,Y,Width,Height
bottle,0.941032,86,2,47,82
knife,0.914250,110,263,60,32
bottle,0.876633,112,4,37,77
cup,0.849544,184,245,33,42
bottle,0.805667,180,133,26,53
bottle,0.757878,361,124,36,109
bottle,0.730657,150,128,31,63
chair,0.678632,2,265,226,213
