Class,Confidence,X,Y,Width,Height
bottle,0.988348,344,-1,49,146
bottle,0.960537,293,-2,46,132
bottle,0.954284,523,0,43,125
chair,0.947201,318,213,122,143
bottle,0.870651,552,0,55,137
