Class,Confidence,X,Y,Width,Height
bottle,0.979044,378,8,25,96
bottle,0.967433,267,21,30,94
bottle,0.964849,359,10,24,91
chair,0.908203,236,341,182,136
book,0.863367,369,221,67,42
bottle,0.850949,233,16,23,88
chair,0.705046,479,216,162,211
bottle,0.698702,418,114,21,81
book,0.612678,280,150,31,87
book,0.537183,316,149,17,84
bottle,0.533482,436,133,14,50
