Class,Confidence,X,Y,Width,Height
keyboard,0.997796,471,154,166,70
teddy bear,0.954548,238,101,256,270
tvmonitor,0.919535,493,11,147,160
