Class,Confidence,X,Y,Width,Height
keyboard,0.996552,101,154,171,91
mouse,0.982217,304,168,33,22
chair,0.951795,485,57,157,316
book,0.925306,341,103,98,50
tvmonitor,0.920464,321,0,133,93
tvmonitor,0.877540,0,7,215,195
bottle,0.840664,458,22,20,64
teddy bear,0.821970,113,200,278,226
book,0.746269,279,95,88,43
book,0.743132,341,132,98,31
mouse,0.740291,501,79,31,15
keyboard,0.583483,416,80,82,49
