Class,Confidence,X,Y,Width,Height
mouse,0.992161,190,274,36,21
teddy bear,0.940446,14,101,99,119
chair,0.867481,-1,283,167,197
keyboard,0.862832,174,215,73,55
book,0.592142,213,182,53,25
chair,0.523947,499,153,136,208
