Class,Confidence,X,Y,Width,Height
mouse,0.992864,188,272,39,23
tvmonitor,0.914497,89,69,56,91
keyboard,0.829594,127,218,101,51
tvmonitor,0.764003,179,73,105,124
chair,0.738410,473,85,85,202
keyboard,0.636108,74,156,52,30
mouse,0.611088,216,202,29,31
chair,0.546050,1,307,167,172
