Class,Confidence,X,Y,Width,Height
mouse,0.977467,238,251,36,20
keyboard,0.950393,201,195,84,53
keyboard,0.938995,178,131,40,30
chair,0.930092,4,258,210,221
tvmonitor,0.753839,274,66,70,115
teddy bear,0.742930,15,84,111,123
chair,0.659686,534,117,105,209
book,0.646415,231,159,60,30
book,0.579811,175,163,60,37
cup,0.576244,370,165,32,20
tvmonitor,0.566574,203,61,38,74
