Class,Confidence,X,Y,Width,Height
chair,0.932518,3,229,249,244
bottle,0.911102,375,78,31,107
bottle,0.900526,200,116,21,51
cup,0.858831,225,204,32,40
book,0.809790,0,106,21,73
bottle,0.798626,183,106,18,49
bottle,0.719835,142,105,31,63
bottle,0.695042,162,105,28,57
bowl,0.634067,279,220,41,28
bottle,0.538070,132,101,23,68
