Class,Confidence,X,Y,Width,Height
book,0.748623,410,152,41,118
chair,0.728600,498,319,139,161
