Class,Confidence,X,Y,Width,Height
bottle,0.970868,272,2,33,128
bottle,0.964375,97,5,45,122
bottle,0.930590,59,1,43,115
bottle,0.876013,258,8,21,117
book,0.830113,194,283,113,73
bottle,0.810374,367,173,33,73
bottle,0.640560,331,148,32,101
bottle,0.627324,398,182,23,56
scissors,0.600947,335,275,45,29
book,0.599429,82,180,80,116
book,0.551116,146,179,28,116
bottle,0.524740,386,169,15,49
