Class,Confidence,X,Y,Width,Height
chair,0.991214,13,260,230,222
chair,0.980755,375,234,159,200
bottle,0.961823,286,28,26,82
bottle,0.957514,183,36,27,74
book,0.945173,239,210,71,40
bottle,0.940999,336,121,19,72
bottle,0.900926,363,137,19,57
bottle,0.881014,387,145,15,41
bottle,0.857820,159,32,26,72
book,0.798744,182,143,21,74
book,0.762961,199,144,21,73
book,0.740952,168,145,20,72
book,0.674328,214,145,15,71
cup,0.589066,532,201,21,27
