Class,Confidence,X,Y,Width,Height
bottle,0.935593,428,12,34,106
book,0.856403,413,177,31,113
bottle,0.832295,408,15,21,93
book,0.624023,429,171,31,104
chair,0.533993,482,355,157,124
