Class,Confidence,X,Y,Width,Height
scissors,0.995203,173,259,87,75
cup,0.976171,514,181,61,39
cup,0.962889,429,98,37,49
bottle,0.950547,239,81,47,127
bottle,0.947335,162,64,71,160
book,0.897206,-1,318,132,155
bottle,0.860015,299,92,31,85
scissors,0.822301,280,211,156,102
bottle,0.681953,-1,0,66,57
