Class,Confidence,X,Y,Width,Height
keyboard,0.997336,347,195,140,31
mouse,0.975241,508,229,22,20
tvmonitor,0.956177,344,70,133,120
chair,0.907744,207,262,246,216
book,0.609980,595,202,44,45
teddy bear,0.578413,205,163,246,218
