Class,Confidence,X,Y,Width,Height
keyboard,0.996385,95,146,170,99
mouse,0.973729,297,156,37,21
chair,0.953819,462,42,177,295
tvmonitor,0.928498,295,-2,124,84
bottle,0.863727,426,2,19,64
book,0.849478,327,88,95,48
tvmonitor,0.772511,-4,0,203,211
teddy bear,0.713502,173,187,280,217
keyboard,0.621182,390,63,81,44
