Class,Confidence,X,Y,Width,Height
keyboard,0.997266,241,139,121,85
mouse,0.991515,394,140,35,18
mouse,0.948363,496,53,27,15
tvmonitor,0.926669,355,-2,88,88
bottle,0.900493,454,7,17,48
tvmonitor,0.582670,141,2,155,186
book,0.570701,407,108,76,25
