Class,Confidence,X,Y,Width,Height
bottle,0.912676,89,2,48,81
knife,0.823033,140,245,52,33
bottle,0.800369,177,117,28,59
bottle,0.781677,372,102,33,107
bottle,0.771924,199,121,15,48
book,0.761658,21,118,38,71
cup,0.663716,212,223,32,41
bottle,0.658701,211,133,19,48
bottle,0.642427,157,126,30,56
bottle,0.635608,44,14,35,62
bowl,0.632454,262,242,41,29
bottle,0.616369,139,108,30,77
