Class,Confidence,X,Y,Width,Height
bottle,0.982832,168,36,49,125
bottle,0.965569,267,21,31,107
bottle,0.948319,298,16,30,115
book,0.944805,322,273,110,66
book,0.819436,222,204,56,126
bottle,0.732490,368,159,26,64
chair,0.669043,426,219,203,234
book,0.638524,190,221,38,120
book,0.573994,258,200,32,110
