Class,Confidence,X,Y,Width,Height
mouse,0.998042,132,306,53,52
keyboard,0.992938,448,276,190,88
keyboard,0.990395,1,225,151,64
tvmonitor,0.954444,390,1,250,213
tvmonitor,0.867936,-1,15,149,191
book,0.712787,266,247,160,139
cell phone,0.527076,226,254,29,65
