Class,Confidence,X,Y,Width,Height
knife,0.979353,386,305,72,98
cup,0.962333,275,126,43,55
cup,0.956638,473,208,61,70
cup,0.949319,345,227,79,42
bottle,0.905583,115,130,52,97
scissors,0.797074,0,339,54,141
scissors,0.766448,21,269,209,209
bottle,0.701709,-1,138,46,164
spoon,0.691452,535,208,89,18
bottle,0.640640,43,123,67,90
bottle,0.508092,213,99,49,97
bottle,0.503067,19,151,87,116
