Class,Confidence,X,Y,Width,Height
teddy bear,0.918642,42,78,85,124
chair,0.908298,469,139,171,240
tvmonitor,0.861915,193,69,46,117
mouse,0.610153,102,253,34,20
book,0.517391,122,164,69,29
book,0.507250,153,195,102,41
