Class,Confidence,X,Y,Width,Height
bottle,0.983779,281,70,41,103
bottle,0.836020,58,153,34,51
cup,0.832425,175,224,35,47
cup,0.791209,125,222,35,32
spoon,0.767191,97,272,33,48
person,0.719033,423,0,49,36
cup,0.648319,152,158,35,34
bottle,0.603458,12,147,22,39
bottle,0.576179,28,137,27,39
bottle,0.510712,113,140,36,55
