Class,Confidence,X,Y,Width,Height
keyboard,0.992563,410,139,87,84
mouse,0.960352,521,138,37,19
tvmonitor,0.889681,346,4,78,182
tvmonitor,0.822492,450,0,61,85
mouse,0.748765,560,56,27,15
bottle,0.587968,520,13,17,46
bottle,0.537090,118,107,26,80
