Class,Confidence,X,Y,Width,Height
chair,0.940358,11,58,103,114
bowl,0.920934,358,351,104,118
keyboard,0.793169,387,121,49,46
bottle,0.778224,230,129,42,122
mouse,0.759731,422,108,27,14
chair,0.653612,447,22,74,113
chair,0.601762,-1,136,38,101
bottle,0.597234,206,43,15,25
tvmonitor,0.590153,323,12,58,146
