Class,Confidence,X,Y,Width,Height
mouse,0.998367,207,246,47,40
keyboard,0.991541,48,166,186,64
keyboard,0.984209,500,255,141,81
book,0.869997,324,210,154,120
tvmonitor,0.668058,457,-1,185,223
tvmonitor,0.656260,14,0,223,173
cell phone,0.645459,293,211,31,42
