Class,Confidence,X,Y,Width,Height
bottle,0.919779,239,113,54,137
bowl,0.904013,379,341,101,97
chair,0.794649,0,72,89,98
chair,0.684401,411,19,77,92
laptop,0.671250,314,19,127,144
keyboard,0.530139,375,113,56,46
teddy bear,0.529551,509,30,133,156
