Class,Confidence,X,Y,Width,Height
bottle,0.987263,285,281,42,115
keyboard,0.975372,1,302,242,148
tvmonitor,0.967129,64,29,282,304
book,0.866326,0,211,117,73
book,0.578921,463,226,177,86
