Class,Confidence,X,Y,Width,Height
keyboard,0.998075,106,174,170,70
mouse,0.992344,306,194,32,23
keyboard,0.980599,439,120,103,45
tvmonitor,0.967005,356,0,152,123
book,0.957511,359,136,96,49
bottle,0.904279,505,56,22,60
tvmonitor,0.855593,29,28,203,173
book,0.629848,305,122,86,41
mouse,0.588135,545,120,33,15
