Class,Confidence,X,Y,Width,Height
bottle,0.985833,238,121,53,153
bottle,0.947099,299,143,44,111
cup,0.935909,558,227,51,39
scissors,0.911014,255,304,72,70
book,0.639325,33,362,184,118
bottle,0.589223,68,0,93,115
bottle,0.575294,347,145,29,80
cell phone,0.516686,322,250,50,40
