Class,Confidence,X,Y,Width,Height
keyboard,0.983317,193,114,100,68
mouse,0.981905,200,192,47,23
keyboard,0.978130,327,302,311,177
book,0.938540,231,209,157,100
book,0.914894,346,192,130,75
tvmonitor,0.738426,458,4,182,363
tvmonitor,0.712951,239,1,108,133
chair,0.588148,-1,86,171,359
mouse,0.509890,266,194,57,24
