Class,Confidence,X,Y,Width,Height
bottle,0.986627,223,49,49,115
cup,0.939366,167,234,45,55
cup,0.892030,88,246,45,40
bottle,0.843273,22,150,53,73
knife,0.721257,102,310,11,65
person,0.609807,259,0,42,20
cup,0.555802,78,168,43,44
chair,0.538598,0,385,163,94
