Class,Confidence,X,Y,Width,Height
scissors,0.955194,492,289,54,48
book,0.891456,335,313,122,115
bottle,0.829451,377,2,49,103
bottle,0.678437,502,153,24,77
bottle,0.661043,357,0,32,103
chair,0.654496,154,191,137,158
bottle,0.639039,141,0,88,132
bottle,0.568850,453,142,26,92
clock,0.568327,0,0,122,135
bottle,0.565356,553,158,21,71
