Class,Confidence,X,Y,Width,Height
bottle,0.984907,369,25,34,105
bottle,0.962553,400,25,38,109
book,0.875409,439,259,105,58
bottle,0.859166,341,39,32,119
book,0.807379,376,194,40,128
book,0.617287,359,211,32,115
chair,0.506381,425,410,215,69
