Class,Confidence,X,Y,Width,Height
keyboard,0.996073,123,133,154,103
mouse,0.992576,312,137,38,21
chair,0.962427,476,8,164,294
tvmonitor,0.900902,286,-1,114,70
tvmonitor,0.815468,-1,1,211,189
book,0.811682,328,65,97,49
teddy bear,0.711216,278,162,271,207
keyboard,0.629492,385,40,69,42
book,0.610875,329,93,95,33
bottle,0.515433,408,0,18,37
