Class,Confidence,X,Y,Width,Height
chair,0.975160,226,268,176,205
bottle,0.953051,376,6,20,78
bottle,0.945507,391,5,23,84
bottle,0.941225,289,12,26,80
bottle,0.899972,455,115,18,54
chair,0.861566,481,200,158,199
bottle,0.835486,471,124,11,41
bottle,0.788429,260,8,21,78
bottle,0.737901,428,101,25,64
book,0.704844,373,195,54,36
book,0.678914,294,125,37,80
