Class,Confidence,X,Y,Width,Height
laptop,0.936216,271,42,106,125
bottle,0.822224,129,72,30,88
mouse,0.726340,340,109,24,13
cup,0.675442,39,224,37,41
bottle,0.606103,218,119,50,125
teddy bear,0.576097,442,28,134,135
bowl,0.562613,358,323,86,82
