Class,Confidence,X,Y,Width,Height
mouse,0.995033,74,149,51,23
keyboard,0.940059,209,245,287,210
book,0.929667,104,161,161,102
keyboard,0.901127,67,67,113,72
tvmonitor,0.890707,331,-8,306,348
book,0.846032,225,138,128,74
tvmonitor,0.782391,119,-2,88,90
bottle,0.761804,553,299,86,145
mouse,0.711269,152,312,47,50
mouse,0.593742,145,147,59,24
