Class,Confidence,X,Y,Width,Height
bottle,0.993498,217,49,43,115
cup,0.989619,133,224,41,47
cup,0.974215,70,230,39,35
bottle,0.889706,28,137,48,69
knife,0.826264,62,286,21,57
cup,0.655175,80,159,39,39
