Class,Confidence,X,Y,Width,Height
keyboard,0.997562,212,137,111,68
keyboard,0.996383,410,308,229,170
mouse,0.992464,241,218,47,22
book,0.947921,286,227,160,99
tvmonitor,0.859953,503,3,136,323
book,0.806508,361,170,110,49
book,0.805319,395,199,123,76
tvmonitor,0.666292,258,8,103,147
book,0.539590,314,291,135,49
mouse,0.505975,312,213,51,27
