Class,Confidence,X,Y,Width,Height
bottle,0.868912,281,113,46,115
bottle,0.732050,89,0,43,60
teddy bear,0.723237,439,12,82,111
bottle,0.683770,59,-1,51,69
bottle,0.634657,30,-1,50,73
bottle,0.617646,150,114,25,55
bottle,0.537103,110,90,36,83
