Class,Confidence,X,Y,Width,Height
mouse,0.986098,150,298,39,29
keyboard,0.975784,59,237,126,59
book,0.919274,1,211,91,51
tvmonitor,0.821281,104,75,136,164
bottle,0.787676,201,205,29,65
chair,0.785182,426,73,68,198
tvmonitor,0.766901,-1,79,58,91
book,0.536501,74,184,79,42
