Class,Confidence,X,Y,Width,Height
bottle,0.995250,426,273,63,135
keyboard,0.977495,97,251,280,198
mouse,0.968501,26,168,67,26
book,0.934197,113,150,130,73
book,0.922402,-3,175,156,119
tvmonitor,0.886913,219,-4,359,320
tvmonitor,0.862711,0,-1,88,110
keyboard,0.679393,0,84,61,77
