Class,Confidence,X,Y,Width,Height
chair,0.993628,45,260,217,220
bottle,0.966564,201,35,26,75
bottle,0.909630,347,122,20,71
chair,0.907653,389,225,148,196
bottle,0.900924,178,30,24,73
bottle,0.893842,375,138,18,54
bottle,0.883497,302,28,24,83
book,0.847446,257,209,68,39
book,0.688758,186,144,17,70
bottle,0.668038,397,145,15,40
book,0.593541,201,142,18,72
