Class,Confidence,X,Y,Width,Height
bottle,0.991636,306,7,32,120
bottle,0.991530,341,3,31,126
bottle,0.982920,217,24,53,136
book,0.943158,376,273,126,70
book,0.710189,285,200,58,138
scissors,0.679922,447,243,25,29
book,0.628074,254,220,47,127
