Class,Confidence,X,Y,Width,Height
keyboard,0.996964,188,154,123,63
mouse,0.992975,244,231,44,24
keyboard,0.987773,440,296,200,131
book,0.963011,307,225,153,114
tvmonitor,0.926246,496,6,143,311
book,0.790831,399,194,105,73
tvmonitor,0.775170,225,26,112,130
