Class,Confidence,X,Y,Width,Height
bottle,0.951186,465,43,67,140
bottle,0.847318,422,37,51,122
book,0.632008,563,410,77,71
book,0.552315,405,241,124,165
