Class,Confidence,X,Y,Width,Height
sofa,0.982908,-5,315,358,164
sofa,0.981918,456,338,185,141
