Class,Confidence,X,Y,Width,Height
sofa,0.965334,267,213,370,144
sofa,0.519108,0,207,155,272
