Class,Confidence,X,Y,Width,Height
sofa,0.710312,535,181,104,211
sofa,0.671818,-11,171,481,303
