Class,Confidence,X,Y,Width,Height
sofa,0.986512,-5,323,282,154
sofa,0.969826,383,327,255,151
