Class,Confidence,X,Y,Width,Height
chair,0.995655,425,254,85,93
sofa,0.952357,-1,244,376,210
diningtable,0.642641,312,340,326,139
