Class,Confidence,X,Y,Width,Height
sofa,0.975408,325,327,314,150
sofa,0.912207,1,332,220,146
