Class,Confidence,X,Y,Width,Height
sofa,0.965473,-12,307,437,171
sofa,0.592514,576,322,64,156
