Class,Confidence,X,Y,Width,Height
sofa,0.988577,-4,315,313,163
sofa,0.982338,403,332,238,149
