Class,Confidence,X,Y,Width,Height
sofa,0.886575,297,272,338,149
sofa,0.845557,0,268,195,209
